Benchmark, Variant, Size, Density, Time, Hit Rate, DIAG
SpMV,Specialized,1024,0.02,45235845,1,COO
SpMV,SparseRAJA,1024,0.02,171870709,1,COO
SpMV,Specialized,1024,0.03,71463126,1,COO
SpMV,SparseRAJA,1024,0.03,250930533,1,COO
SpMV,Specialized,1024,0.02,47250130,1,COO
SpMV,SparseRAJA,1024,0.02,174498899,1,COO
SpMV,Specialized,1024,0.05,128888060,1,COO
SpMV,SparseRAJA,1024,0.05,412499344,1,COO
SpMV,Specialized,1024,0.02,44854393,1,COO
SpMV,SparseRAJA,1024,0.02,170879146,1,COO
SpMV,Specialized,1024,0.03,74976276,1,COO
SpMV,SparseRAJA,1024,0.03,254947881,1,COO
SpMV,Specialized,1024,0.06,157951464,1,COO
SpMV,SparseRAJA,1024,0.06,493938452,1,COO
SpMV,Specialized,1024,0.02,47288305,1,COO
SpMV,SparseRAJA,1024,0.02,174384275,1,COO
SpMV,Specialized,1024,0.03,71155192,1,COO
SpMV,SparseRAJA,1024,0.03,252330235,1,COO
SpMV,Specialized,1024,0.05,133049239,1,COO
SpMV,SparseRAJA,1024,0.05,419266882,1,COO
SpMV,Specialized,1024,0.02,47198389,1,COO
SpMV,SparseRAJA,1024,0.02,174136616,1,COO
SpMV,Specialized,1024,0.03,73407479,1,COO
SpMV,SparseRAJA,1024,0.03,250467649,1,COO
SpMV,Specialized,1024,0.06,157806022,1,COO
SpMV,SparseRAJA,1024,0.06,492502065,1,COO
SpMV,Specialized,1024,0.05,132866165,1,COO
SpMV,SparseRAJA,1024,0.05,418634391,1,COO
SpMV,Specialized,1024,0.03,75300125,1,COO
SpMV,SparseRAJA,1024,0.03,255715755,1,COO
SpMV,Specialized,1024,0.06,161873335,1,COO
SpMV,SparseRAJA,1024,0.06,502001082,1,COO
SpMV,Specialized,1024,0.05,128508292,1,COO
SpMV,SparseRAJA,1024,0.05,412604507,1,COO
SpMV,Specialized,1024,0.06,161585443,1,COO
SpMV,SparseRAJA,1024,0.06,502458737,1,COO
SpMV,Specialized,1024,0.05,133691403,1,COO
SpMV,SparseRAJA,1024,0.05,412542575,1,COO
SpMV,Specialized,1024,0.06,157896129,1,COO
SpMV,SparseRAJA,1024,0.06,493585452,1,COO
GauSei,Specialized,1024,0.01,15189897395,0.00195122,COO
GauSei,SparseRAJA,1024,0.01,43523846930,0.767913,COO
GauSei,Specialized,1024,0.01,4046694749,0.000976562,CSR
GauSei,SparseRAJA,1024,0.01,10910573965,0.769927,CSR
GauSei,Specialized,1024,0.01,80459703,1,DIAG
GauSei,SparseRAJA,1024,0.01,151502746,0.999913,DIAG
SpMV,Specialized,1024,0.001,2016387,1,COO
SpMV,SparseRAJA,1024,0.001,20518628,1,COO
SpMV,Specialized,1024,0.001,1826840,1,COO
SpMV,SparseRAJA,1024,0.001,21776308,1,COO
SpMV,Specialized,1024,0.01,20891061,1,COO
SpMV,SparseRAJA,1024,0.01,92033358,1,COO
SpMV,Specialized,1024,0.001,2024781,1,COO
SpMV,SparseRAJA,1024,0.001,22165998,1,COO
SpMV,Specialized,1024,0.001,1867394,1,COO
SpMV,SparseRAJA,1024,0.001,22156240,1,COO
SpMV,Specialized,1024,0.001,2061995,1,COO
SpMV,SparseRAJA,1024,0.001,22142417,1,COO
SpMV,Specialized,1024,0.002,3953460,1,COO
SpMV,SparseRAJA,1024,0.002,28630454,1,COO
SpMV,Specialized,1024,0.01,20703273,1,COO
SpMV,SparseRAJA,1024,0.01,91091599,1,COO
SpMV,Specialized,1024,0.01,21553041,1,COO
SpMV,SparseRAJA,1024,0.01,92077969,1,COO
SpMV,Specialized,1024,0.002,3978225,1,COO
SpMV,SparseRAJA,1024,0.002,29621927,1,COO
SpMV,Specialized,1024,0.01,22745601,1,COO
SpMV,SparseRAJA,1024,0.01,92693329,1,COO
SpMV,Specialized,1024,0.09,244681721,1,COO
SpMV,SparseRAJA,1024,0.09,731465776,1,COO
SpMV,Specialized,1024,0.01,22066574,1,COO
SpMV,SparseRAJA,1024,0.01,92228491,1,COO
SpMV,Specialized,1024,0.002,4152275,1,COO
SpMV,SparseRAJA,1024,0.002,29187845,1,COO
SpMV,Specialized,1024,0.01,22996320,1,COO
SpMV,SparseRAJA,1024,0.01,93435002,1,COO
SpMV,Specialized,1024,0.09,246753865,1,COO
SpMV,SparseRAJA,1024,0.09,735914144,1,COO
SpMV,Specialized,1024,0.01,23555399,1,COO
SpMV,SparseRAJA,1024,0.01,93610921,1,COO
SpMV,Specialized,1024,0.002,4251223,1,COO
SpMV,SparseRAJA,1024,0.002,29000403,1,COO
SpMV,Specialized,1024,0.01,21392568,1,COO
SpMV,SparseRAJA,1024,0.01,91707761,1,COO
SpMV,Specialized,1024,0.09,249098816,1,COO
SpMV,SparseRAJA,1024,0.09,742417122,1,COO
GauSei,Specialized,1024,0.01,14456738499,0.00195122,COO
GauSei,SparseRAJA,1024,0.01,40458643319,0.767913,COO
GauSei,Specialized,1024,0.01,4035923260,0.000976562,CSR
GauSei,SparseRAJA,1024,0.01,10862085068,0.769927,CSR
GauSei,Specialized,1024,0.01,78399373,1,DIAG
GauSei,SparseRAJA,1024,0.01,148090667,0.999913,DIAG
SpMV,Specialized,1024,0.005,9707071,1,COO
SpMV,SparseRAJA,1024,0.005,51913425,1,COO
SpMV,Specialized,1024,0.01,21305344,1,COO
SpMV,SparseRAJA,1024,0.01,92070148,1,COO
SpMV,Specialized,1024,0.002,3946293,1,COO
SpMV,SparseRAJA,1024,0.002,29240439,1,COO
SpMV,Specialized,1024,0.01,21383422,1,COO
SpMV,SparseRAJA,1024,0.01,91524374,1,COO
SpMV,Specialized,1024,0.09,248964074,1,COO
SpMV,SparseRAJA,1024,0.09,743068446,1,COO
SpMV,Specialized,1024,0.005,10787770,1,COO
SpMV,SparseRAJA,1024,0.005,52510132,1,COO
SpMV,Specialized,1024,0.09,249608924,1,COO
SpMV,SparseRAJA,1024,0.09,746124721,1,COO
SpMV,Specialized,1024,0.005,10908247,1,COO
SpMV,SparseRAJA,1024,0.005,52991002,1,COO
SpMV,Specialized,1024,0.001,1981163,1,COO
SpMV,SparseRAJA,1024,0.001,19937498,1,COO
SpMV,Specialized,1024,0.009,18169776,1,COO
SpMV,SparseRAJA,1024,0.009,83354105,1,COO
SpMV,Specialized,1024,0.005,10162441,1,COO
SpMV,SparseRAJA,1024,0.005,52429832,1,COO
GauSei,Specialized,1024,0.02,32584399381,0.000975612,COO
GauSei,SparseRAJA,1024,0.02,92775177113,0.869492,COO
GauSei,Specialized,1024,0.02,9486831440,0.000976562,CSR
GauSei,SparseRAJA,1024,0.02,29478676192,0.86987,CSR
GauSei,Specialized,1024,0.02,134333250,1,DIAG
GauSei,SparseRAJA,1024,0.02,259600537,0.999955,DIAG
GauSei,Specialized,1024,0.01,14169251194,0.00195122,COO
GauSei,SparseRAJA,1024,0.01,40920953674,0.767913,COO
GauSei,Specialized,1024,0.01,4141990445,0.000976562,CSR
GauSei,SparseRAJA,1024,0.01,11014831421,0.769927,CSR
GauSei,Specialized,1024,0.01,78451290,1,DIAG
GauSei,SparseRAJA,1024,0.01,147096309,0.999913,DIAG
SpMV,Specialized,1024,0.001,1836851,1,COO
SpMV,SparseRAJA,1024,0.001,21534280,1,COO
SpMV,Specialized,1024,0.009,20128737,1,COO
SpMV,SparseRAJA,1024,0.009,85166664,1,COO
SpMV,Specialized,1024,0.005,10060252,1,COO
SpMV,SparseRAJA,1024,0.005,52138172,1,COO
SpMV,Specialized,1024,0.001,1834101,1,COO
SpMV,SparseRAJA,1024,0.001,21872914,1,COO
SpMV,Specialized,1024,0.009,19106328,1,COO
SpMV,SparseRAJA,1024,0.009,83899918,1,COO
GauSei,Specialized,1024,0.01,14285077725,0.00195122,COO
GauSei,SparseRAJA,1024,0.01,41403932883,0.767913,COO
GauSei,Specialized,1024,0.01,4031518621,0.000976562,CSR
GauSei,SparseRAJA,1024,0.01,10861554479,0.769927,CSR
GauSei,Specialized,1024,0.01,80388882,1,DIAG
GauSei,SparseRAJA,1024,0.01,151672375,0.999913,DIAG
SpMV,Specialized,1024,0.001,1816773,1,COO
SpMV,SparseRAJA,1024,0.001,21637298,1,COO
SpMV,Specialized,1024,0.009,18928103,1,COO
SpMV,SparseRAJA,1024,0.009,83709556,1,COO
GauSei,Specialized,1024,0.01,14459100928,0.00195122,COO
GauSei,SparseRAJA,1024,0.01,39729064824,0.767913,COO
GauSei,Specialized,1024,0.01,3975992050,0.000976562,CSR
GauSei,SparseRAJA,1024,0.01,10820244912,0.769927,CSR
GauSei,Specialized,1024,0.01,80290174,1,DIAG
GauSei,SparseRAJA,1024,0.01,150961274,0.999913,DIAG
SpMV,Specialized,1024,0.001,1946654,1,COO
SpMV,SparseRAJA,1024,0.001,21852035,1,COO
SpMV,Specialized,1024,0.009,18792833,1,COO
SpMV,SparseRAJA,1024,0.009,83688886,1,COO
SpMV,Specialized,1024,0.04,101406317,1,COO
SpMV,SparseRAJA,1024,0.04,333558657,1,COO
SpMV,Specialized,1024,0.07,186559129,1,COO
SpMV,SparseRAJA,1024,0.07,572015823,1,COO
SpMV,Specialized,1024,0.04,100525108,1,COO
SpMV,SparseRAJA,1024,0.04,332986697,1,COO
SpMV,Specialized,1024,0.07,190810056,1,COO
SpMV,SparseRAJA,1024,0.07,580472185,1,COO
GauSei,Specialized,1024,0.01,14424426822,0.00195122,COO
GauSei,SparseRAJA,1024,0.01,39860078550,0.767913,COO
GauSei,Specialized,1024,0.01,4003778662,0.000976562,CSR
GauSei,SparseRAJA,1024,0.01,10845319646,0.769927,CSR
GauSei,Specialized,1024,0.01,78516977,1,DIAG
GauSei,SparseRAJA,1024,0.01,147466008,0.999913,DIAG
SpMV,Specialized,1024,0.04,100127394,1,COO
SpMV,SparseRAJA,1024,0.04,333161167,1,COO
SpMV,Specialized,1024,0.07,186461561,1,COO
SpMV,SparseRAJA,1024,0.07,570450006,1,COO
GauSei,Specialized,1024,0.02,32262873006,0.000975612,COO
GauSei,SparseRAJA,1024,0.02,92038256041,0.869492,COO
GauSei,Specialized,1024,0.02,9222005464,0.000976562,CSR
GauSei,SparseRAJA,1024,0.02,29267975308,0.86987,CSR
GauSei,Specialized,1024,0.02,134365266,1,DIAG
GauSei,SparseRAJA,1024,0.02,259176787,0.999955,DIAG
SpMV,Specialized,1024,0.04,105320076,1,COO
SpMV,SparseRAJA,1024,0.04,340227913,1,COO
GauSei,Specialized,1024,0.01,14556067643,0.00195122,COO
GauSei,SparseRAJA,1024,0.01,39921619138,0.767913,COO
GauSei,Specialized,1024,0.01,4233198030,0.000976562,CSR
GauSei,SparseRAJA,1024,0.01,10996619261,0.769927,CSR
GauSei,Specialized,1024,0.01,80228949,1,DIAG
GauSei,SparseRAJA,1024,0.01,150722813,0.999913,DIAG
SpMV,Specialized,1024,0.07,186450054,1,COO
SpMV,SparseRAJA,1024,0.07,570058722,1,COO
SpMV,Specialized,1024,0.04,104411074,1,COO
SpMV,SparseRAJA,1024,0.04,338631127,1,COO
SpMV,Specialized,1024,0.07,186403762,1,COO
SpMV,SparseRAJA,1024,0.07,571085347,1,COO
GauSei,Specialized,1024,0.01,14741111246,0.00195122,COO
GauSei,SparseRAJA,1024,0.01,43453535314,0.767913,COO
GauSei,Specialized,1024,0.01,4003772146,0.000976562,CSR
GauSei,SparseRAJA,1024,0.01,10909224962,0.769927,CSR
GauSei,Specialized,1024,0.01,78677507,1,DIAG
GauSei,SparseRAJA,1024,0.01,148544851,0.999913,DIAG
SpMV,Specialized,1024,0.08,215672613,1,COO
SpMV,SparseRAJA,1024,0.08,651162949,1,COO
GauSei,Specialized,1024,0.001,1474190911,0.361952,COO
GauSei,SparseRAJA,1024,0.001,2270942079,0.526087,COO
GauSei,Specialized,1024,0.001,354821886,0.354492,CSR
GauSei,SparseRAJA,1024,0.001,550579464,0.481178,CSR
GauSei,Specialized,1024,0.001,16340469,1,DIAG
GauSei,SparseRAJA,1024,0.001,38040887,0.999517,DIAG
SpMV,Specialized,1024,0.08,215080296,1,COO
SpMV,SparseRAJA,1024,0.08,649699233,1,COO
GauSei,Specialized,1024,0.001,1490140637,0.361952,COO
GauSei,SparseRAJA,1024,0.001,2278771642,0.526087,COO
GauSei,Specialized,1024,0.001,354613654,0.354492,CSR
GauSei,SparseRAJA,1024,0.001,550695035,0.481178,CSR
GauSei,Specialized,1024,0.001,16480452,1,DIAG
GauSei,SparseRAJA,1024,0.001,37874695,0.999517,DIAG
SpMV,Specialized,1024,0.08,220391342,1,COO
SpMV,SparseRAJA,1024,0.08,663139080,1,COO
GauSei,Specialized,1024,0.001,1489707483,0.361952,COO
GauSei,SparseRAJA,1024,0.001,2291768022,0.526087,COO
GauSei,Specialized,1024,0.001,354878025,0.354492,CSR
GauSei,SparseRAJA,1024,0.001,550699205,0.481178,CSR
GauSei,Specialized,1024,0.001,16367174,1,DIAG
GauSei,SparseRAJA,1024,0.001,37912213,0.999517,DIAG
SpMV,Specialized,1024,0.08,220379968,1,COO
SpMV,SparseRAJA,1024,0.08,662307012,1,COO
GauSei,Specialized,1024,0.01,14713707503,0.00195122,COO
GauSei,SparseRAJA,1024,0.01,43184245121,0.767913,COO
GauSei,Specialized,1024,0.01,3995325179,0.000976562,CSR
GauSei,SparseRAJA,1024,0.01,10866343334,0.769927,CSR
GauSei,Specialized,1024,0.01,80595117,1,DIAG
GauSei,SparseRAJA,1024,0.01,151520146,0.999913,DIAG
GauSei,Specialized,1024,0.001,1481880367,0.361952,COO
GauSei,SparseRAJA,1024,0.001,2272325803,0.526087,COO
GauSei,Specialized,1024,0.001,355036632,0.354492,CSR
GauSei,SparseRAJA,1024,0.001,550632892,0.481178,CSR
GauSei,Specialized,1024,0.001,16509707,1,DIAG
GauSei,SparseRAJA,1024,0.001,38070750,0.999517,DIAG
SpMV,Specialized,1024,0.08,220101175,1,COO
SpMV,SparseRAJA,1024,0.08,662850089,1,COO
GauSei,Specialized,1024,0.02,32734440938,0.000975612,COO
GauSei,SparseRAJA,1024,0.02,92743112441,0.869492,COO
GauSei,Specialized,1024,0.02,9417782635,0.000976562,CSR
GauSei,SparseRAJA,1024,0.02,29272927656,0.86987,CSR
GauSei,Specialized,1024,0.02,135686834,1,DIAG
GauSei,SparseRAJA,1024,0.02,259745586,0.999955,DIAG
GauSei,Specialized,1024,0.001,1498692065,0.361952,COO
GauSei,SparseRAJA,1024,0.001,2276363534,0.526087,COO
GauSei,Specialized,1024,0.001,355063561,0.354492,CSR
GauSei,SparseRAJA,1024,0.001,550227914,0.481178,CSR
GauSei,Specialized,1024,0.001,16303420,1,DIAG
GauSei,SparseRAJA,1024,0.001,37880565,0.999517,DIAG
GauSei,Specialized,1024,0.003,4205066083,0.0429269,COO
GauSei,SparseRAJA,1024,0.003,8134259538,0.5503,COO
GauSei,Specialized,1024,0.003,1357774717,0.0439453,CSR
GauSei,SparseRAJA,1024,0.003,2652637552,0.528451,CSR
GauSei,Specialized,1024,0.003,34364222,1,DIAG
GauSei,SparseRAJA,1024,0.003,65684060,0.99976,DIAG
SpMV,Specialized,1024,0.004,7957596,1,COO
SpMV,SparseRAJA,1024,0.004,43994003,1,COO
GauSei,Specialized,1024,0.01,14739282757,0.00195122,COO
GauSei,SparseRAJA,1024,0.01,42946017547,0.767913,COO
GauSei,Specialized,1024,0.01,4041286057,0.000976562,CSR
GauSei,SparseRAJA,1024,0.01,10935564392,0.769927,CSR
GauSei,Specialized,1024,0.01,80513251,1,DIAG
GauSei,SparseRAJA,1024,0.01,151747130,0.999913,DIAG
GauSei,Specialized,1024,0.003,4201040841,0.0429269,COO
GauSei,SparseRAJA,1024,0.003,8101413510,0.5503,COO
GauSei,Specialized,1024,0.003,1348772874,0.0439453,CSR
GauSei,SparseRAJA,1024,0.003,2645360438,0.528451,CSR
GauSei,Specialized,1024,0.003,34523400,1,DIAG
GauSei,SparseRAJA,1024,0.003,65888026,0.99976,DIAG
SpMV,Specialized,1024,0.004,7634610,1,COO
SpMV,SparseRAJA,1024,0.004,44335282,1,COO
GauSei,Specialized,1024,0.002,2951941714,0.125854,COO
GauSei,SparseRAJA,1024,0.002,5035477632,0.513635,COO
GauSei,Specialized,1024,0.002,963991797,0.133789,CSR
GauSei,SparseRAJA,1024,0.002,1637756906,0.498076,CSR
GauSei,Specialized,1024,0.002,25006464,1,DIAG
GauSei,SparseRAJA,1024,0.002,52645410,0.99968,DIAG
SpMV,Specialized,1024,0.004,9036924,1,COO
SpMV,SparseRAJA,1024,0.004,45250986,1,COO
GauSei,Specialized,1024,0.003,4275589777,0.0429269,COO
GauSei,SparseRAJA,1024,0.003,8101962865,0.5503,COO
GauSei,Specialized,1024,0.003,1342642612,0.0439453,CSR
GauSei,SparseRAJA,1024,0.003,2651591649,0.528451,CSR
GauSei,Specialized,1024,0.003,34506727,1,DIAG
GauSei,SparseRAJA,1024,0.003,66774403,0.99976,DIAG
GauSei,Specialized,1024,0.002,2947552722,0.125854,COO
GauSei,SparseRAJA,1024,0.002,5035798757,0.513635,COO
GauSei,Specialized,1024,0.002,946864136,0.133789,CSR
GauSei,SparseRAJA,1024,0.002,1633871042,0.498076,CSR
GauSei,Specialized,1024,0.002,25285470,1,DIAG
GauSei,SparseRAJA,1024,0.002,52933534,0.99968,DIAG
SpMV,Specialized,1024,0.004,8695213,1,COO
SpMV,SparseRAJA,1024,0.004,44706891,1,COO
GauSei,Specialized,1024,0.004,5590311591,0.0156098,COO
GauSei,SparseRAJA,1024,0.004,11716757272,0.59743,COO
GauSei,Specialized,1024,0.004,1779294264,0.0205078,CSR
GauSei,SparseRAJA,1024,0.004,3786922420,0.589803,CSR
GauSei,Specialized,1024,0.004,42577626,1,DIAG
GauSei,SparseRAJA,1024,0.004,78185091,0.999808,DIAG
GauSei,Specialized,1024,0.003,4225385450,0.0429269,COO
GauSei,SparseRAJA,1024,0.003,8136042428,0.5503,COO
GauSei,Specialized,1024,0.003,1341092950,0.0439453,CSR
GauSei,SparseRAJA,1024,0.003,2646531239,0.528451,CSR
GauSei,Specialized,1024,0.003,34632101,1,DIAG
GauSei,SparseRAJA,1024,0.003,65886888,0.99976,DIAG
SpMV,Specialized,1024,0.004,8005664,1,COO
SpMV,SparseRAJA,1024,0.004,44584433,1,COO
GauSei,Specialized,1024,0.002,3005554551,0.125854,COO
GauSei,SparseRAJA,1024,0.002,5063802590,0.513635,COO
GauSei,Specialized,1024,0.002,948435112,0.133789,CSR
GauSei,SparseRAJA,1024,0.002,1633498758,0.498076,CSR
GauSei,Specialized,1024,0.002,25047078,1,DIAG
GauSei,SparseRAJA,1024,0.002,52941299,0.99968,DIAG
GauSei,Specialized,1024,0.02,32243691471,0.000975612,COO
GauSei,SparseRAJA,1024,0.02,92016078025,0.869492,COO
GauSei,Specialized,1024,0.02,9923444749,0.000976562,CSR
GauSei,SparseRAJA,1024,0.02,29885583417,0.86987,CSR
GauSei,Specialized,1024,0.02,134398084,1,DIAG
GauSei,SparseRAJA,1024,0.02,261405200,0.999955,DIAG
GauSei,Specialized,1024,0.004,5669351301,0.0156098,COO
GauSei,SparseRAJA,1024,0.004,11512991969,0.59743,COO
GauSei,Specialized,1024,0.004,1785724219,0.0205078,CSR
GauSei,SparseRAJA,1024,0.004,3791561963,0.589803,CSR
GauSei,Specialized,1024,0.004,42686768,1,DIAG
GauSei,SparseRAJA,1024,0.004,78457230,0.999808,DIAG
GauSei,Specialized,1024,0.003,4244249197,0.0429269,COO
GauSei,SparseRAJA,1024,0.003,8129273079,0.5503,COO
GauSei,Specialized,1024,0.003,1342698046,0.0439453,CSR
GauSei,SparseRAJA,1024,0.003,2648396634,0.528451,CSR
GauSei,Specialized,1024,0.003,34526086,1,DIAG
GauSei,SparseRAJA,1024,0.003,65930721,0.99976,DIAG
GauSei,Specialized,1024,0.002,2969224076,0.125854,COO
GauSei,SparseRAJA,1024,0.002,5059029138,0.513635,COO
GauSei,Specialized,1024,0.002,946119853,0.133789,CSR
GauSei,SparseRAJA,1024,0.002,1636909789,0.498076,CSR
GauSei,Specialized,1024,0.002,24937798,1,DIAG
GauSei,SparseRAJA,1024,0.002,52827161,0.99968,DIAG
GauSei,Specialized,1024,0.005,6693358839,0.00585367,COO
GauSei,SparseRAJA,1024,0.005,14809543672,0.635725,COO
GauSei,Specialized,1024,0.005,2084890619,0.00683594,CSR
GauSei,SparseRAJA,1024,0.005,4460953418,0.64223,CSR
GauSei,Specialized,1024,0.005,50917918,1,DIAG
GauSei,SparseRAJA,1024,0.005,94370189,0.99984,DIAG
GauSei,Specialized,1024,0.002,2938381190,0.125854,COO
GauSei,SparseRAJA,1024,0.002,5050859154,0.513635,COO
GauSei,Specialized,1024,0.002,946381658,0.133789,CSR
GauSei,SparseRAJA,1024,0.002,1635588708,0.498076,CSR
GauSei,Specialized,1024,0.002,25375317,1,DIAG
GauSei,SparseRAJA,1024,0.002,52885775,0.99968,DIAG
GauSei,Specialized,1024,0.004,5583731249,0.0156098,COO
GauSei,SparseRAJA,1024,0.004,11613940071,0.59743,COO
GauSei,Specialized,1024,0.004,1773334136,0.0205078,CSR
GauSei,SparseRAJA,1024,0.004,3784207190,0.589803,CSR
GauSei,Specialized,1024,0.004,42748807,1,DIAG
GauSei,SparseRAJA,1024,0.004,78460604,0.999808,DIAG
GauSei,Specialized,1024,0.005,6741845997,0.00585367,COO
GauSei,SparseRAJA,1024,0.005,15255161527,0.635725,COO
GauSei,Specialized,1024,0.005,2067956999,0.00683594,CSR
GauSei,SparseRAJA,1024,0.005,4457044360,0.64223,CSR
GauSei,Specialized,1024,0.005,50908059,1,DIAG
GauSei,SparseRAJA,1024,0.005,93493367,0.99984,DIAG
GauSei,Specialized,1024,0.004,5608064115,0.0156098,COO
GauSei,SparseRAJA,1024,0.004,11515253498,0.59743,COO
GauSei,Specialized,1024,0.004,1775251549,0.0205078,CSR
GauSei,SparseRAJA,1024,0.004,3793302778,0.589803,CSR
GauSei,Specialized,1024,0.004,42570360,1,DIAG
GauSei,SparseRAJA,1024,0.004,78512754,0.999808,DIAG
GauSei,Specialized,1024,0.005,6876174917,0.00585367,COO
GauSei,SparseRAJA,1024,0.005,15029020741,0.635725,COO
GauSei,Specialized,1024,0.005,2054649587,0.00683594,CSR
GauSei,SparseRAJA,1024,0.005,4467631835,0.64223,CSR
GauSei,Specialized,1024,0.005,49947391,1,DIAG
GauSei,SparseRAJA,1024,0.005,92235259,0.99984,DIAG
GauSei,Specialized,1024,0.004,5694100165,0.0156098,COO
GauSei,SparseRAJA,1024,0.004,11521151275,0.59743,COO
GauSei,Specialized,1024,0.004,1773329692,0.0205078,CSR
GauSei,SparseRAJA,1024,0.004,3784402948,0.589803,CSR
GauSei,Specialized,1024,0.004,42648357,1,DIAG
GauSei,SparseRAJA,1024,0.004,78361633,0.999808,DIAG
GauSei,Specialized,1024,0.02,32580231527,0.000975612,COO
GauSei,SparseRAJA,1024,0.02,92599235857,0.869492,COO
GauSei,Specialized,1024,0.02,9711879547,0.000976562,CSR
GauSei,SparseRAJA,1024,0.02,29138384872,0.86987,CSR
GauSei,Specialized,1024,0.02,134620287,1,DIAG
GauSei,SparseRAJA,1024,0.02,259345052,0.999955,DIAG
GauSei,Specialized,1024,0.005,6855366606,0.00585367,COO
GauSei,SparseRAJA,1024,0.005,15197485119,0.635725,COO
GauSei,Specialized,1024,0.005,2053700466,0.00683594,CSR
GauSei,SparseRAJA,1024,0.005,4460331365,0.64223,CSR
GauSei,Specialized,1024,0.005,49875388,1,DIAG
GauSei,SparseRAJA,1024,0.005,92441654,0.99984,DIAG
SpMV,Specialized,1024,0.007,14179054,1,COO
SpMV,SparseRAJA,1024,0.007,67638673,1,COO
SpMV,Specialized,1024,0.006,11796737,1,COO
SpMV,SparseRAJA,1024,0.006,59958106,1,COO
SpMV,Specialized,1024,0.007,14464253,1,COO
SpMV,SparseRAJA,1024,0.007,68031348,1,COO
GauSei,Specialized,1024,0.005,6724288023,0.00585367,COO
GauSei,SparseRAJA,1024,0.005,15485612712,0.635725,COO
GauSei,Specialized,1024,0.005,2055820929,0.00683594,CSR
GauSei,SparseRAJA,1024,0.005,4460451053,0.64223,CSR
GauSei,Specialized,1024,0.005,50153723,1,DIAG
GauSei,SparseRAJA,1024,0.005,91853244,0.99984,DIAG
GauSei,Specialized,1024,0.008,10657387061,0.00195122,COO
GauSei,SparseRAJA,1024,0.008,27310947870,0.723841,COO
GauSei,Specialized,1024,0.008,3228253050,0.000976562,CSR
GauSei,SparseRAJA,1024,0.008,7978004208,0.729885,CSR
GauSei,Specialized,1024,0.008,67009009,1,DIAG
GauSei,SparseRAJA,1024,0.008,125045992,0.999894,DIAG
SpMV,Specialized,1024,0.006,12333253,1,COO
SpMV,SparseRAJA,1024,0.006,61049111,1,COO
SpMV,Specialized,1024,0.007,15922034,1,COO
SpMV,SparseRAJA,1024,0.007,69844560,1,COO
GauSei,Specialized,1024,0.001,1479364373,0.361952,COO
GauSei,SparseRAJA,1024,0.001,2269685555,0.526087,COO
GauSei,Specialized,1024,0.001,347581416,0.354492,CSR
GauSei,SparseRAJA,1024,0.001,557206624,0.481178,CSR
GauSei,Specialized,1024,0.001,16574451,1,DIAG
GauSei,SparseRAJA,1024,0.001,38356826,0.999517,DIAG
SpMV,Specialized,1024,0.006,12489927,1,COO
SpMV,SparseRAJA,1024,0.006,60191395,1,COO
SpMV,Specialized,1024,0.007,16710878,1,COO
SpMV,SparseRAJA,1024,0.007,69483396,1,COO
GauSei,Specialized,1024,0.001,1470146027,0.361952,COO
GauSei,SparseRAJA,1024,0.001,2281864861,0.526087,COO
GauSei,Specialized,1024,0.001,356635005,0.354492,CSR
GauSei,SparseRAJA,1024,0.001,550110746,0.481178,CSR
GauSei,Specialized,1024,0.001,16413247,1,DIAG
GauSei,SparseRAJA,1024,0.001,38010907,0.999517,DIAG
SpMV,Specialized,1024,0.006,13127243,1,COO
SpMV,SparseRAJA,1024,0.006,61451765,1,COO
SpMV,Specialized,1024,0.007,15067446,1,COO
SpMV,SparseRAJA,1024,0.007,68748674,1,COO
GauSei,Specialized,1024,0.008,11224313608,0.00195122,COO
GauSei,SparseRAJA,1024,0.008,28888878722,0.723841,COO
GauSei,Specialized,1024,0.008,3230512019,0.000976562,CSR
GauSei,SparseRAJA,1024,0.008,8157300691,0.729885,CSR
GauSei,Specialized,1024,0.008,67193993,1,DIAG
GauSei,SparseRAJA,1024,0.008,127171864,0.999894,DIAG
GauSei,Specialized,1024,0.001,1483194351,0.361952,COO
GauSei,SparseRAJA,1024,0.001,2274460248,0.526087,COO
GauSei,Specialized,1024,0.001,356545142,0.354492,CSR
GauSei,SparseRAJA,1024,0.001,550107417,0.481178,CSR
GauSei,Specialized,1024,0.001,16399801,1,DIAG
GauSei,SparseRAJA,1024,0.001,37999882,0.999517,DIAG
SpMV,Specialized,1024,0.006,12594614,1,COO
SpMV,SparseRAJA,1024,0.006,60154265,1,COO
GauSei,Specialized,1024,0.001,1480657405,0.361952,COO
GauSei,SparseRAJA,1024,0.001,2275546847,0.526087,COO
GauSei,Specialized,1024,0.001,356410377,0.354492,CSR
GauSei,SparseRAJA,1024,0.001,549779408,0.481178,CSR
GauSei,Specialized,1024,0.001,16499616,1,DIAG
GauSei,SparseRAJA,1024,0.001,37927121,0.999517,DIAG
GauSei,Specialized,1024,0.006,7978339241,0.00390245,COO
GauSei,SparseRAJA,1024,0.006,18857127663,0.669677,COO
GauSei,Specialized,1024,0.006,2586850433,0.00292969,CSR
GauSei,SparseRAJA,1024,0.006,5674901192,0.678708,CSR
GauSei,Specialized,1024,0.006,55786240,1,DIAG
GauSei,SparseRAJA,1024,0.006,102422694,0.999863,DIAG
GauSei,Specialized,1024,0.001,1484689917,0.361952,COO
GauSei,SparseRAJA,1024,0.001,2286094116,0.526087,COO
GauSei,Specialized,1024,0.001,355103043,0.354492,CSR
GauSei,SparseRAJA,1024,0.001,550134908,0.481178,CSR
GauSei,Specialized,1024,0.001,16299541,1,DIAG
GauSei,SparseRAJA,1024,0.001,37968603,0.999517,DIAG
GauSei,Specialized,1024,0.008,11430569668,0.00195122,COO
GauSei,SparseRAJA,1024,0.008,28789523095,0.723841,COO
GauSei,Specialized,1024,0.008,3264730563,0.000976562,CSR
GauSei,SparseRAJA,1024,0.008,8035935982,0.729885,CSR
GauSei,Specialized,1024,0.008,68878086,1,DIAG
GauSei,SparseRAJA,1024,0.008,128399643,0.999894,DIAG
GauSei,Specialized,1024,0.009,12842291655,0.00195122,COO
GauSei,SparseRAJA,1024,0.009,32978696737,0.748398,COO
GauSei,Specialized,1024,0.009,3501366432,0.00195312,CSR
GauSei,SparseRAJA,1024,0.009,8753618486,0.750168,CSR
GauSei,Specialized,1024,0.009,74905431,1,DIAG
GauSei,SparseRAJA,1024,0.009,141485804,0.999904,DIAG
SpMV,Specialized,1024,0.3,854111633,1,COO
SpMV,SparseRAJA,1024,0.3,2407390880,1,COO
GauSei,Specialized,1024,0.006,8160753164,0.00390245,COO
GauSei,SparseRAJA,1024,0.006,19113624539,0.669677,COO
GauSei,Specialized,1024,0.006,2581179772,0.00292969,CSR
GauSei,SparseRAJA,1024,0.006,5687433051,0.678708,CSR
GauSei,Specialized,1024,0.006,55864871,1,DIAG
GauSei,SparseRAJA,1024,0.006,102842183,0.999863,DIAG
SpMV,Specialized,1024,0.3,853518804,1,COO
SpMV,SparseRAJA,1024,0.3,2412800593,1,COO
GauSei,Specialized,1024,0.008,11320849909,0.00195122,COO
GauSei,SparseRAJA,1024,0.008,27904424298,0.723841,COO
GauSei,Specialized,1024,0.008,3235625493,0.000976562,CSR
GauSei,SparseRAJA,1024,0.008,8005386263,0.729885,CSR
GauSei,Specialized,1024,0.008,67082947,1,DIAG
GauSei,SparseRAJA,1024,0.008,124244993,0.999894,DIAG
SpMV,Specialized,1024,0.3,853476490,1,COO
SpMV,SparseRAJA,1024,0.3,2410026541,1,COO
GauSei,Specialized,1024,0.009,12978921295,0.00195122,COO
GauSei,SparseRAJA,1024,0.009,33921288288,0.748398,COO
GauSei,Specialized,1024,0.009,3584409937,0.00195312,CSR
GauSei,SparseRAJA,1024,0.009,8753062424,0.750168,CSR
GauSei,Specialized,1024,0.009,72790004,1,DIAG
GauSei,SparseRAJA,1024,0.009,138409894,0.999904,DIAG
GauSei,Specialized,1024,0.006,8336673039,0.00390245,COO
GauSei,SparseRAJA,1024,0.006,19347483653,0.669677,COO
GauSei,Specialized,1024,0.006,2579238207,0.00292969,CSR
GauSei,SparseRAJA,1024,0.006,5677761663,0.678708,CSR
GauSei,Specialized,1024,0.006,56039761,1,DIAG
GauSei,SparseRAJA,1024,0.006,103125108,0.999863,DIAG
SpMV,Specialized,1024,0.3,854883356,1,COO
SpMV,SparseRAJA,1024,0.3,2408622569,1,COO
SpMV,Specialized,1024,0.4,1145175495,1,COO
SpMV,SparseRAJA,1024,0.4,3199573815,1,COO
GauSei,Specialized,1024,0.008,11190274638,0.00195122,COO
GauSei,SparseRAJA,1024,0.008,27964559260,0.723841,COO
GauSei,Specialized,1024,0.008,3276775388,0.000976562,CSR
GauSei,SparseRAJA,1024,0.008,7973098576,0.729885,CSR
GauSei,Specialized,1024,0.008,67306485,1,DIAG
GauSei,SparseRAJA,1024,0.008,125036226,0.999894,DIAG
SpMV,Specialized,1024,0.3,858373763,1,COO
SpMV,SparseRAJA,1024,0.3,2410531601,1,COO
GauSei,Specialized,1024,0.006,8381811116,0.00390245,COO
GauSei,SparseRAJA,1024,0.006,19758348122,0.669677,COO
GauSei,Specialized,1024,0.006,2574839272,0.00292969,CSR
GauSei,SparseRAJA,1024,0.006,5667721413,0.678708,CSR
GauSei,Specialized,1024,0.006,55951662,1,DIAG
GauSei,SparseRAJA,1024,0.006,103425144,0.999863,DIAG
SpMV,Specialized,1024,0.4,1142876701,1,COO
SpMV,SparseRAJA,1024,0.4,3199130819,1,COO
GauSei,Specialized,1024,0.009,13471608319,0.00195122,COO
GauSei,SparseRAJA,1024,0.009,33701158772,0.748398,COO
GauSei,Specialized,1024,0.009,3508510959,0.00195312,CSR
GauSei,SparseRAJA,1024,0.009,8716506951,0.750168,CSR
GauSei,Specialized,1024,0.009,73050565,1,DIAG
GauSei,SparseRAJA,1024,0.009,141365166,0.999904,DIAG
SpMV,Specialized,1024,0.5,1433061755,1,COO
SpMV,SparseRAJA,1024,0.5,4060381328,1,COO
SpMV,Specialized,1024,0.4,1142691956,1,COO
SpMV,SparseRAJA,1024,0.4,3197687885,1,COO
SpMV,Specialized,1024,0.5,1441059343,1,COO
SpMV,SparseRAJA,1024,0.5,4064251962,1,COO
GauSei,Specialized,1024,0.006,8227664379,0.00390245,COO
GauSei,SparseRAJA,1024,0.006,19419423087,0.669677,COO
GauSei,Specialized,1024,0.006,2578063577,0.00292969,CSR
GauSei,SparseRAJA,1024,0.006,5665794740,0.678708,CSR
GauSei,Specialized,1024,0.006,55971761,1,DIAG
GauSei,SparseRAJA,1024,0.006,103451881,0.999863,DIAG
SpMV,Specialized,1024,0.4,1141522569,1,COO
SpMV,SparseRAJA,1024,0.4,3197545418,1,COO
GauSei,Specialized,1024,0.009,13084934981,0.00195122,COO
GauSei,SparseRAJA,1024,0.009,32714156141,0.748398,COO
GauSei,Specialized,1024,0.009,3500010227,0.00195312,CSR
GauSei,SparseRAJA,1024,0.009,8775904707,0.750168,CSR
GauSei,Specialized,1024,0.009,72579304,1,DIAG
GauSei,SparseRAJA,1024,0.009,137715273,0.999904,DIAG
SpMV,Specialized,1024,0.5,1432295429,1,COO
SpMV,SparseRAJA,1024,0.5,4066251976,1,COO
SpMV,Specialized,1024,0.4,1141763618,1,COO
SpMV,SparseRAJA,1024,0.4,3197811451,1,COO
GauSei,Specialized,1024,0.03,49218972515,0.000975612,COO
GauSei,SparseRAJA,1024,0.03,141412444447,0.909783,COO
GauSei,Specialized,1024,0.03,16173686007,0.000976562,CSR
GauSei,SparseRAJA,1024,0.03,45397995541,0.909147,CSR
GauSei,Specialized,1024,0.03,193823914,1,DIAG
GauSei,SparseRAJA,1024,0.03,380720511,0.999969,DIAG
SpMV,Specialized,1024,0.5,1433145257,1,COO
SpMV,SparseRAJA,1024,0.5,4065935924,1,COO
GauSei,Specialized,1024,0.05,80513211206,0.000975612,COO
GauSei,SparseRAJA,1024,0.05,234306591282,0.944077,COO
GauSei,Specialized,1024,0.05,29422824335,0.000976562,CSR
GauSei,SparseRAJA,1024,0.05,85845441609,0.943921,CSR
GauSei,Specialized,1024,0.05,302537845,1,DIAG
GauSei,SparseRAJA,1024,0.05,608541016,0.999981,DIAG
SpMV,Specialized,1024,0.5,1448599936,1,COO
SpMV,SparseRAJA,1024,0.5,4088793568,1,COO
GauSei,Specialized,1024,0.009,12899513189,0.00195122,COO
GauSei,SparseRAJA,1024,0.009,32914967834,0.748398,COO
GauSei,Specialized,1024,0.009,3554089326,0.00195312,CSR
GauSei,SparseRAJA,1024,0.009,8760265207,0.750168,CSR
GauSei,Specialized,1024,0.009,72944319,1,DIAG
GauSei,SparseRAJA,1024,0.009,138672930,0.999904,DIAG
GauSei,Specialized,1024,0.04,66705363930,0.000975612,COO
GauSei,SparseRAJA,1024,0.04,193232796721,0.930945,COO
GauSei,Specialized,1024,0.04,25249679803,0.000976562,CSR
GauSei,SparseRAJA,1024,0.04,72080240301,0.930185,CSR
GauSei,Specialized,1024,0.04,245767416,1,DIAG
GauSei,SparseRAJA,1024,0.04,482373564,0.999977,DIAG
GauSei,Specialized,1024,0.06,98335046355,0.000975612,COO
GauSei,SparseRAJA,1024,0.06,288891947517,0.952889,COO
GauSei,Specialized,1024,0.06,35271320070,0.000976562,CSR
GauSei,SparseRAJA,1024,0.06,104246114464,0.953024,CSR
GauSei,Specialized,1024,0.06,353563118,1,DIAG
GauSei,SparseRAJA,1024,0.06,708601898,0.999984,DIAG
GauSei,Specialized,1024,0.007,9224454196,0.00292683,COO
GauSei,SparseRAJA,1024,0.007,23977147536,0.697104,COO
GauSei,Specialized,1024,0.007,2744528418,0.000976562,CSR
GauSei,SparseRAJA,1024,0.007,6511349397,0.706467,CSR
GauSei,Specialized,1024,0.007,62877862,1,DIAG
GauSei,SparseRAJA,1024,0.007,117286404,0.99988,DIAG
SpMV,Specialized,1024,0.003,6008901,1,COO
SpMV,SparseRAJA,1024,0.003,35958773,1,COO
SpMV,Specialized,1024,0.1,273565809,1,COO
SpMV,SparseRAJA,1024,0.1,812437093,1,COO
SpMV,Specialized,1024,0.003,5743773,1,COO
SpMV,SparseRAJA,1024,0.003,37157503,1,COO
SpMV,Specialized,1024,0.1,272931221,1,COO
SpMV,SparseRAJA,1024,0.1,811310345,1,COO
GauSei,Specialized,1024,0.007,9576968829,0.00292683,COO
GauSei,SparseRAJA,1024,0.007,24177593503,0.697104,COO
GauSei,Specialized,1024,0.007,2788799804,0.000976562,CSR
GauSei,SparseRAJA,1024,0.007,6605224846,0.706467,CSR
GauSei,Specialized,1024,0.007,61634314,1,DIAG
GauSei,SparseRAJA,1024,0.007,115799314,0.99988,DIAG
SpMV,Specialized,1024,0.003,5875478,1,COO
SpMV,SparseRAJA,1024,0.003,36870740,1,COO
SpMV,Specialized,1024,0.1,277841140,1,COO
SpMV,SparseRAJA,1024,0.1,824401775,1,COO
SpMV,Specialized,1024,0.003,6403381,1,COO
SpMV,SparseRAJA,1024,0.003,37018901,1,COO
SpMV,Specialized,1024,0.1,273105455,1,COO
SpMV,SparseRAJA,1024,0.1,811266773,1,COO
SpMV,Specialized,1024,0.003,6199371,1,COO
SpMV,SparseRAJA,1024,0.003,36735139,1,COO
GauSei,Specialized,1024,0.007,9453175311,0.00292683,COO
GauSei,SparseRAJA,1024,0.007,24452098458,0.697104,COO
GauSei,Specialized,1024,0.007,2732479935,0.000976562,CSR
GauSei,SparseRAJA,1024,0.007,6647792536,0.706467,CSR
GauSei,Specialized,1024,0.007,61682894,1,DIAG
GauSei,SparseRAJA,1024,0.007,115118250,0.99988,DIAG
SpMV,Specialized,1024,0.1,277864062,1,COO
SpMV,SparseRAJA,1024,0.1,824868444,1,COO
GauSei,Specialized,1024,0.03,51567869886,0.000975612,COO
GauSei,SparseRAJA,1024,0.03,147898925334,0.909783,COO
GauSei,Specialized,1024,0.03,17200065485,0.000976562,CSR
GauSei,SparseRAJA,1024,0.03,49184507217,0.909147,CSR
GauSei,Specialized,1024,0.03,187629899,1,DIAG
GauSei,SparseRAJA,1024,0.03,372945405,0.999969,DIAG
SpMV,Specialized,1024,0.2,564221426,1,COO
SpMV,SparseRAJA,1024,0.2,1612731429,1,COO
GauSei,Specialized,1024,0.08,127432476083,0.000975612,COO
GauSei,SparseRAJA,1024,0.08,379703276159,0.964269,COO
GauSei,Specialized,1024,0.08,46457410884,0.000976562,CSR
GauSei,SparseRAJA,1024,0.08,136177498694,0.964432,CSR
GauSei,Specialized,1024,0.08,479337402,1,DIAG
GauSei,SparseRAJA,1024,0.08,949781872,0.999988,DIAG
SpMV,Specialized,1024,0.2,564139099,1,COO
SpMV,SparseRAJA,1024,0.2,1614428880,1,COO
GauSei,Specialized,1024,0.007,9933242003,0.00292683,COO
GauSei,SparseRAJA,1024,0.007,26967707873,0.697104,COO
GauSei,Specialized,1024,0.007,2733970831,0.000976562,CSR
GauSei,SparseRAJA,1024,0.007,6572993392,0.706467,CSR
GauSei,Specialized,1024,0.007,61527080,1,DIAG
GauSei,SparseRAJA,1024,0.007,115689087,0.99988,DIAG
SpMV,Specialized,1024,0.2,567274216,1,COO
SpMV,SparseRAJA,1024,0.2,1617589753,1,COO
SpMV,Specialized,1024,0.008,16318832,1,COO
SpMV,SparseRAJA,1024,0.008,75956477,1,COO
SpMV,Specialized,1024,0.2,563169902,1,COO
SpMV,SparseRAJA,1024,0.2,1612208370,1,COO
SpMV,Specialized,1024,0.008,16953300,1,COO
SpMV,SparseRAJA,1024,0.008,77418089,1,COO
GauSei,Specialized,1024,0.007,9476698601,0.00292683,COO
GauSei,SparseRAJA,1024,0.007,23436445157,0.697104,COO
GauSei,Specialized,1024,0.007,2745728052,0.000976562,CSR
GauSei,SparseRAJA,1024,0.007,6589165190,0.706467,CSR
GauSei,Specialized,1024,0.007,61592187,1,DIAG
GauSei,SparseRAJA,1024,0.007,115557887,0.99988,DIAG
SpMV,Specialized,1024,0.2,564516665,1,COO
SpMV,SparseRAJA,1024,0.2,1612767237,1,COO
SpMV,Specialized,1024,0.008,18041603,1,COO
SpMV,SparseRAJA,1024,0.008,77334948,1,COO
SpMV,Specialized,1024,0.008,17926254,1,COO
SpMV,SparseRAJA,1024,0.008,77027454,1,COO
SpMV,Specialized,1024,0.008,17396271,1,COO
SpMV,SparseRAJA,1024,0.008,77102211,1,COO
